ACK,ARP,BF,HTTP,SP,SYN,UDP
0.7178986964394689,0.4490566917749118,0.3497167714004501,0.7614814814814814,0.8020072833719573,0.9822069273538288,0.00781955467277
0.8470777911943056,0.4869684975060004,0.6686190125094814,0.8629778714585475,0.8835199270177208,0.993611247630262,0.0196392926163569
0.309279355306479,0.4705882352941176,0.3499427203203534,0.3779580797836376,0.6610892388451444,0.4978669769245684,9.918137221243124e-05
