ACK,ARP,BF,HTTP,SP,SYN,UDP
0.7593338244208926,0.4627692307692307,0.3498398323659047,0.2995136378053918,0.9425323964186256,0.9822069273538288,0.1740548979526577
0.984158874733893,0.4909840705846672,0.4890624776538283,0.3087834163999322,1.0,0.9942041928115876,0.0423028148111665
0.3469101865225426,0.4705882352941176,0.3499427203203534,0.4735705567552342,0.9991346325764348,0.4978669769245684,3.432991814221741e-05
