gamma,C,F1,Std,Time,No,Attack
1.0,0.001,0.49871553348176056,0.0,179.75,0,SYN
0.001,1.0,0.5676300125313283,0.0,7.672,0,HTTP
0.001,10.0,0.34691018652254263,0.0,57.296,0,ACK
1.0,0.1,0.28860294117647056,0.0,0.283,0,UDP
1.0,0.1,0.4246987951807229,0.0,0.254,0,ARP
0.001,1.0,0.8292258408636495,0.0,0.247,0,SP
1.0,1.0,0.445859872611465,0.0,1.61,0,BF
