gamma,C,F1,Std,Time,No,Attack
1.0,1.0,0.49871553348176056,0.0,35.272,0,SYN
0.1,0.01,0.4403752865291327,0.0,0.169,0,HTTP
0.01,0.001,0.02168840082361016,0.0,0.708,0,ACK
0.001,0.001,3.432991814221741e-05,0.0,0.968,0,UDP
0.01,0.1,0.27938671209540034,0.0,0.031,0,ARP
0.1,1.0,0.49264996053670085,0.0,0.132,0,SP
1.0,0.1,0.3499427203203534,0.0,11.814,0,BF
