gamma,C,F1,Std,Time,No,Attack
1.0,10.0,0.49871553348176056,0.0,248.325,0,SYN
0.001,1.0,0.5676300125313283,0.0,1.941,0,HTTP
1.0,10.0,0.29246917843257625,0.0,31.987,0,ACK
1.0,1.0,0.28860294117647056,0.0,0.287,0,UDP
0.001,0.001,0.4246987951807229,0.0,0.232,0,ARP
1.0,10.0,0.48504486540378866,0.0,2.206,0,SP
1.0,10.0,0.5408530975260684,0.0,1.304,0,BF
